label,n_buys,weekly_nzd,invested_usd,final_usd,multiple_usd,xirr_usd,final_nzd,multiple_nzd
REAL,294,306.1224489795909,58205.327799125625,82740.04,1.4215200416969893,0.07754163232413377,144157.96735279536,1.6017551928088423
SPY,294,306.1224489795909,58205.327799125625,122960.63248484783,2.1125322566552915,0.16813334122252832,214234.30352982378,2.3803811503313828
QQQ,294,306.1224489795909,58205.327799125625,149994.27181856247,2.5769852604595367,0.21495711931206607,261335.0119232072,2.903722354702311
